<?xml version="1.0" encoding="UTF-8"?>
<!-- Produced by Beyond Compare 4 from Scooter Software -->
<BCState Version="1" MinVersion="1">
	<TBcState>
		<FirstStartup Value="False"/>
		<FormPositions>
			<TViewFrame Value="541;191;1539;791"/>
		</FormPositions>
	</TBcState>
	<TDirCompareState>
		<LogHeight Value="0"/>
		<ShowToolbar Value="False"/>
	</TDirCompareState>
	<THomeState>
		<NewExpanded Value="True"/>
		<SessionType Value="TDirCompareSession"/>
	</THomeState>
</BCState>
